Date,Hour,Consumption
2017-08-01,1,275144.5705321431
2017-08-01,2,269620.3253335953
2017-08-01,3,273385.32257175446
2017-08-01,4,279631.74742746353
2017-08-01,5,282279.6945428252
2017-08-01,6,284732.9906846881
2017-08-01,7,283955.34687787294
2017-08-01,8,287483.59097093344
2017-08-01,9,294537.73940068483
2017-08-01,10,296118.20536345243
2017-08-01,11,298960.0129567385
2017-08-01,12,311143.9506278038
2017-08-01,13,321258.08154809475
2017-08-01,14,337240.22836732864
2017-08-01,15,334309.656435132
2017-08-01,16,341606.6035761237
2017-08-01,17,343062.3205880523
2017-08-01,18,342954.1869727969
2017-08-01,19,352334.0237978697
2017-08-01,20,348508.1599704027
2017-08-01,21,352016.0652576089
2017-08-01,22,350572.1299831271
2017-08-01,23,348511.29760974646
2017-08-01,24,353691.2254397869
2017-08-02,1,267965.821167171
2017-08-02,2,268718.0215334892
2017-08-02,3,264520.15183126926
2017-08-02,4,271712.7625299096
2017-08-02,5,272193.52591121197
2017-08-02,6,276322.72885227203
2017-08-02,7,272280.77762556076
2017-08-02,8,275614.69962763786
2017-08-02,9,286059.51535111666
2017-08-02,10,304451.7637372017
2017-08-02,11,305982.8633234501
2017-08-02,12,324639.7733526826
2017-08-02,13,329930.99901372194
2017-08-02,14,340552.31563836336
2017-08-02,15,339597.37627595663
2017-08-02,16,341808.5007084012
2017-08-02,17,344350.4069388509
2017-08-02,18,355337.85376757383
2017-08-02,19,359493.74228841066
2017-08-02,20,362183.2632969618
2017-08-02,21,360547.2913093567
2017-08-02,22,366133.86716866493
2017-08-02,23,369626.1209452152
2017-08-02,24,347961.75942599773
2017-08-03,1,276916.6089736819
2017-08-03,2,267965.0567409396
2017-08-03,3,265846.0703815222
2017-08-03,4,270399.53289693594
2017-08-03,5,266662.158346951
2017-08-03,6,266809.36136579514
2017-08-03,7,269064.42167037725
2017-08-03,8,283963.8707886934
2017-08-03,9,291789.8303564787
2017-08-03,10,306919.50542140007
2017-08-03,11,317275.54909199476
2017-08-03,12,320679.9759128094
2017-08-03,13,338439.2510135174
2017-08-03,14,335885.58579307795
2017-08-03,15,345612.0767919421
2017-08-03,16,350373.15540498495
2017-08-03,17,357108.7565742731
2017-08-03,18,363510.5176091194
2017-08-03,19,356819.5041358471
2017-08-03,20,359984.5131300688
2017-08-03,21,365600.0478582978
2017-08-03,22,368572.36155182123
2017-08-03,23,364032.222825706
2017-08-03,24,344800.2061070204
2017-08-04,1,272995.6348095536
2017-08-04,2,270228.6189098358
2017-08-04,3,278251.85147976875
2017-08-04,4,282443.8331589103
2017-08-04,5,275535.18385094404
2017-08-04,6,275366.9594364166
2017-08-04,7,283812.3155221939
2017-08-04,8,281518.55484187603
2017-08-04,9,298435.75370264053
2017-08-04,10,309565.80646824837
2017-08-04,11,321366.8104031086
2017-08-04,12,327126.9750831127
2017-08-04,13,340577.15460807085
2017-08-04,14,350389.94637805223
2017-08-04,15,358997.0758152604
2017-08-04,16,355755.4766983986
2017-08-04,17,356924.14761960506
2017-08-04,18,364753.90545248985
2017-08-04,19,363478.0645055175
2017-08-04,20,362659.56971752644
2017-08-04,21,364876.1639344096
2017-08-04,22,362029.72297924757
2017-08-04,23,357683.30090612173
2017-08-04,24,356397.9900189042
2017-08-05,1,273137.9963911772
2017-08-05,2,267292.1774324775
2017-08-05,3,268357.08497583866
2017-08-05,4,269881.8845177889
2017-08-05,5,272718.1829776168
2017-08-05,6,280359.2853515148
2017-08-05,7,278237.7560402751
2017-08-05,8,273121.88331985474
2017-08-05,9,280341.8780692816
2017-08-05,10,303735.444624722
2017-08-05,11,302180.89837282896
2017-08-05,12,318792.46495461464
2017-08-05,13,317492.52614688873
2017-08-05,14,333332.0378419161
2017-08-05,15,339114.4948219657
2017-08-05,16,344713.7706680298
2017-08-05,17,345222.8028867841
2017-08-05,18,348925.46952843666
2017-08-05,19,351667.2393631935
2017-08-05,20,348211.74221658707
2017-08-05,21,358284.1567286849
2017-08-05,22,345120.53029090166
2017-08-05,23,341664.10321104527
2017-08-05,24,357677.2882321477
2017-08-06,1,263837.21545803547
2017-08-06,2,264505.68665248156
2017-08-06,3,266866.6645807624
2017-08-06,4,263710.9648273587
2017-08-06,5,267077.96133959293
2017-08-06,6,266730.57812678814
2017-08-06,7,267326.85232436657
2017-08-06,8,272184.2024680376
2017-08-06,9,281847.47714954615
2017-08-06,10,301120.2747244835
2017-08-06,11,308163.0155570507
2017-08-06,12,322803.1209501028
2017-08-06,13,330176.7169595361
2017-08-06,14,333859.61390566826
2017-08-06,15,341326.61530148983
2017-08-06,16,340910.1971016526
2017-08-06,17,343125.1275650263
2017-08-06,18,348640.35068291426
2017-08-06,19,347599.56100314856
2017-08-06,20,348857.5070325732
2017-08-06,21,350692.21020013094
2017-08-06,22,349709.5305683017
2017-08-06,23,352699.56783759594
2017-08-06,24,342354.0126118064
2017-08-07,1,285835.67753088474
2017-08-07,2,283191.47411477566
2017-08-07,3,278258.7737182379
2017-08-07,4,280940.6703952551
2017-08-07,5,284866.7314904928
2017-08-07,6,286806.48766982555
2017-08-07,7,294422.26696413755
2017-08-07,8,291304.5574514866
2017-08-07,9,303192.4237343669
2017-08-07,10,318442.75460767746
2017-08-07,11,332249.0034728646
2017-08-07,12,334658.3860076666
2017-08-07,13,342932.8040840626
2017-08-07,14,349878.5781803131
2017-08-07,15,353400.4098377824
2017-08-07,16,356019.42184895277
2017-08-07,17,356704.8237751126
2017-08-07,18,362062.4194947481
2017-08-07,19,365349.8948699832
2017-08-07,20,368477.21646010876
2017-08-07,21,366618.93905580044
2017-08-07,22,364335.30923211575
2017-08-07,23,363508.7167490721
2017-08-07,24,373680.91475331783
2017-08-08,1,286254.0454787612
2017-08-08,2,292021.8844563365
2017-08-08,3,291284.5060263872
2017-08-08,4,291453.01842701435
2017-08-08,5,294749.0015922785
2017-08-08,6,298590.5741613507
2017-08-08,7,293492.99257957935
2017-08-08,8,298819.9421609044
2017-08-08,9,306911.2820339203
2017-08-08,10,318667.05386710167
2017-08-08,11,328981.1862940788
2017-08-08,12,319477.05224478245
2017-08-08,13,324837.70282685757
2017-08-08,14,336221.6110005379
2017-08-08,15,350391.99127584696
2017-08-08,16,347367.3927412629
2017-08-08,17,356714.585740149
2017-08-08,18,355775.0468892455
2017-08-08,19,358413.70773237944
2017-08-08,20,362189.88329064846
2017-08-08,21,369348.56807154417
2017-08-08,22,374498.80679666996
2017-08-08,23,367345.9735791087
2017-08-08,24,363049.91817069054
2017-08-09,1,282038.34853851795
2017-08-09,2,284779.39931434393
2017-08-09,3,275043.8941400051
2017-08-09,4,282261.63826328516
2017-08-09,5,281481.1766166091
2017-08-09,6,284058.34547472
2017-08-09,7,288945.2411953211
2017-08-09,8,291540.48978728056
2017-08-09,9,296103.53137665987
2017-08-09,10,307164.0036597848
2017-08-09,11,317707.63352161646
2017-08-09,12,318200.2977795601
2017-08-09,13,331669.5183084011
2017-08-09,14,336729.0577188134
2017-08-09,15,339476.66364210844
2017-08-09,16,340783.4839259386
2017-08-09,17,345728.29701697826
2017-08-09,18,351996.78147286177
2017-08-09,19,352785.28612971306
2017-08-09,20,351642.93981444836
2017-08-09,21,352697.6057651043
2017-08-09,22,347440.79040390253
2017-08-09,23,350301.5541559458
2017-08-09,24,365059.31622225046
2017-08-10,1,262976.42047303915
2017-08-10,2,264702.25882935524
2017-08-10,3,270413.26340162754
2017-08-10,4,262483.805306375
2017-08-10,5,264978.1228416562
2017-08-10,6,266336.5180751085
2017-08-10,7,268819.5065897703
2017-08-10,8,269654.9807640314
2017-08-10,9,275664.5952717662
2017-08-10,10,288125.90849757195
2017-08-10,11,301420.9803441763
2017-08-10,12,307786.5371040106
2017-08-10,13,324048.8572116494
2017-08-10,14,321648.41392064095
2017-08-10,15,335385.011500597
2017-08-10,16,343244.02094751596
2017-08-10,17,348385.3281313777
2017-08-10,18,348999.0549456477
2017-08-10,19,352386.42814451456
2017-08-10,20,355551.0053912997
2017-08-10,21,359461.5782530904
2017-08-10,22,358544.78984475136
2017-08-10,23,347230.7657865286
2017-08-10,24,337649.01903408766
2017-08-11,1,257207.3653590083
2017-08-11,2,256070.4578025341
2017-08-11,3,262932.1101863384
2017-08-11,4,261384.40441316366
2017-08-11,5,263088.94369339943
2017-08-11,6,260558.02073466778
2017-08-11,7,265023.34906190634
2017-08-11,8,275850.9284159541
2017-08-11,9,282240.0981016159
2017-08-11,10,295645.37094950676
2017-08-11,11,307277.36189460754
2017-08-11,12,318438.89346015453
2017-08-11,13,322204.6566230655
2017-08-11,14,332373.1765832901
2017-08-11,15,335809.2376790643
2017-08-11,16,342357.1154739857
2017-08-11,17,342160.77774208784
2017-08-11,18,344584.4258555174
2017-08-11,19,349616.9096067548
2017-08-11,20,352377.4880373478
2017-08-11,21,357177.15251481533
2017-08-11,22,353615.47409397364
2017-08-11,23,349864.9380263686
2017-08-11,24,344128.71573394537
2017-08-12,1,261213.00645196438
2017-08-12,2,261219.65948998928
2017-08-12,3,264717.2487832308
2017-08-12,4,271171.75354397297
2017-08-12,5,264694.2138645649
2017-08-12,6,256910.18004757166
2017-08-12,7,264039.20457577705
2017-08-12,8,272249.1228762865
2017-08-12,9,277356.84808188677
2017-08-12,10,293408.1466321945
2017-08-12,11,304065.6552308798
2017-08-12,12,317490.7156163454
2017-08-12,13,332159.97233873606
2017-08-12,14,334972.36312013865
2017-08-12,15,331968.02737891674
2017-08-12,16,338543.9727810621
2017-08-12,17,344173.70613485575
2017-08-12,18,350049.9167820215
2017-08-12,19,355116.26638132334
2017-08-12,20,353326.6027210355
2017-08-12,21,352589.3617364168
2017-08-12,22,349793.9834614992
2017-08-12,23,347068.95227748156
2017-08-12,24,347947.1144939065
2017-08-13,1,257858.3206652999
2017-08-13,2,260152.73322623968
2017-08-13,3,259833.0065704584
2017-08-13,4,261217.28295820951
2017-08-13,5,264579.4051375389
2017-08-13,6,263133.98806011677
2017-08-13,7,266347.036395967
2017-08-13,8,273537.8048196435
2017-08-13,9,286869.9007075429
2017-08-13,10,300169.0292802453
2017-08-13,11,307977.51018095016
2017-08-13,12,318382.3511635065
2017-08-13,13,326071.8267021775
2017-08-13,14,334041.03630810976
2017-08-13,15,342381.27603918314
2017-08-13,16,343079.488368392
2017-08-13,17,346221.836415112
2017-08-13,18,349478.49376529455
2017-08-13,19,351827.9200633764
2017-08-13,20,349525.8321837187
2017-08-13,21,353171.65448081493
2017-08-13,22,349469.9554488659
2017-08-13,23,345366.2955107093
2017-08-13,24,336722.80322510004
2017-08-14,1,274937.95579212904
2017-08-14,2,276467.2725607753
2017-08-14,3,278136.42541491985
2017-08-14,4,275092.18119710684
2017-08-14,5,276921.2648592591
2017-08-14,6,277327.600841105
2017-08-14,7,279207.95673441887
2017-08-14,8,284274.2132831812
2017-08-14,9,290325.81450355053
2017-08-14,10,311954.0012432933
2017-08-14,11,326691.02162986994
2017-08-14,12,344392.2794213891
2017-08-14,13,355478.5471698046
2017-08-14,14,361977.6607374549
2017-08-14,15,366242.7656520605
2017-08-14,16,374031.3629447222
2017-08-14,17,365785.96474403143
2017-08-14,18,371821.6419582963
2017-08-14,19,370441.1567271352
2017-08-14,20,373574.01677691936
2017-08-14,21,371816.28811973333
2017-08-14,22,368384.4334293008
2017-08-14,23,367731.9690050483
2017-08-14,24,363486.9621335864
2017-08-15,1,274328.0142760277
2017-08-15,2,270792.05251431465
2017-08-15,3,272175.55667710304
2017-08-15,4,276966.60760086775
2017-08-15,5,278066.29130625725
2017-08-15,6,281606.04620474577
2017-08-15,7,282538.6306733489
2017-08-15,8,286137.0214650035
2017-08-15,9,294793.99123877287
2017-08-15,10,307463.62735033035
2017-08-15,11,313322.5967399478
2017-08-15,12,321266.1551806927
2017-08-15,13,329925.75420075655
2017-08-15,14,338690.63109719753
2017-08-15,15,346082.6865026951
2017-08-15,16,346036.7369789481
2017-08-15,17,350890.7811972499
2017-08-15,18,356607.9092359543
2017-08-15,19,360692.6228143573
2017-08-15,20,357031.0567436218
2017-08-15,21,359126.12915569544
2017-08-15,22,363361.3077033162
2017-08-15,23,359542.8498393893
2017-08-15,24,362955.41828775406
2017-08-16,1,277308.0720779896
2017-08-16,2,273866.0119442344
2017-08-16,3,275821.4630417824
2017-08-16,4,285704.9658085108
2017-08-16,5,281270.38029265404
2017-08-16,6,280473.96314007044
2017-08-16,7,278794.7924543619
2017-08-16,8,282578.3687812686
2017-08-16,9,292719.969588995
2017-08-16,10,295650.70907211304
2017-08-16,11,307488.85870057344
2017-08-16,12,322607.67784905434
2017-08-16,13,334776.4591949582
2017-08-16,14,343946.5829972625
2017-08-16,15,351169.5808854699
2017-08-16,16,349189.9964491129
2017-08-16,17,357574.95145124197
2017-08-16,18,360498.83721089363
2017-08-16,19,359370.05039930344
2017-08-16,20,359031.7131958604
2017-08-16,21,362438.4984858632
2017-08-16,22,356770.8889246583
2017-08-16,23,359177.5680679083
2017-08-16,24,356468.70726430416
2017-08-17,1,274348.748829782
2017-08-17,2,272403.75811553
2017-08-17,3,274227.1376746297
2017-08-17,4,281463.13220226765
2017-08-17,5,277934.0416421294
2017-08-17,6,279724.71876084805
2017-08-17,7,288070.4822368026
2017-08-17,8,288369.7577844262
2017-08-17,9,295526.319883585
2017-08-17,10,308172.3701888323
2017-08-17,11,319349.94225233793
2017-08-17,12,329717.6903787255
2017-08-17,13,339393.4578400254
2017-08-17,14,344344.82280516624
2017-08-17,15,349061.1893170476
2017-08-17,16,357670.69388222694
2017-08-17,17,355923.2051526904
2017-08-17,18,359937.34857958555
2017-08-17,19,359668.797914207
2017-08-17,20,356654.26566034555
2017-08-17,21,358144.2898911238
2017-08-17,22,356304.7099509835
2017-08-17,23,357970.9944111109
2017-08-17,24,354696.07191729546
2017-08-18,1,261800.20330250263
2017-08-18,2,266846.5252863169
2017-08-18,3,270200.2583178878
2017-08-18,4,271396.1908926964
2017-08-18,5,270508.2067502141
2017-08-18,6,271254.72793364525
2017-08-18,7,274580.36536967754
2017-08-18,8,277949.9055019021
2017-08-18,9,295040.1555342078
2017-08-18,10,305274.62945991755
2017-08-18,11,313613.88007986546
2017-08-18,12,329470.14074492455
2017-08-18,13,335573.07361495495
2017-08-18,14,342309.49392455816
2017-08-18,15,342734.8614922166
2017-08-18,16,348208.51067870855
2017-08-18,17,353784.13681697845
2017-08-18,18,362537.8066933155
2017-08-18,19,363639.2847292423
2017-08-18,20,361071.16415929794
2017-08-18,21,366628.4825105071
2017-08-18,22,367308.79391759634
2017-08-18,23,364682.33523470163
2017-08-18,24,349218.6133720279
2017-08-19,1,276565.4966211915
2017-08-19,2,278951.5379819274
2017-08-19,3,269966.05459684134
2017-08-19,4,269264.69520264864
2017-08-19,5,274650.4030005336
2017-08-19,6,275547.624735713
2017-08-19,7,275226.9929665327
2017-08-19,8,277802.4269602299
2017-08-19,9,290816.3170837164
2017-08-19,10,307030.2998185754
2017-08-19,11,313275.51003199816
2017-08-19,12,326718.92404842377
2017-08-19,13,328800.6194783449
2017-08-19,14,330827.897993207
2017-08-19,15,342825.4052776098
2017-08-19,16,347342.7574611306
2017-08-19,17,352484.1995936632
2017-08-19,18,356153.8274282217
2017-08-19,19,355122.77833002806
2017-08-19,20,354300.147085011
2017-08-19,21,356916.61888694763
2017-08-19,22,350655.11858671904
2017-08-19,23,348916.3910571337
2017-08-19,24,356651.3601734638
2017-08-20,1,266516.07401806116
2017-08-20,2,271047.56311136484
2017-08-20,3,273015.2664938569
2017-08-20,4,269823.9684394598
2017-08-20,5,271993.9458382726
2017-08-20,6,267774.41268229485
2017-08-20,7,269927.66674649715
2017-08-20,8,274713.14443284273
2017-08-20,9,287250.389839828
2017-08-20,10,297182.4466547966
2017-08-20,11,305865.7814961672
2017-08-20,12,319867.58085012436
2017-08-20,13,326565.49215370417
2017-08-20,14,334783.3342793584
2017-08-20,15,338462.8562244177
2017-08-20,16,344976.1430492997
2017-08-20,17,350282.47574305534
2017-08-20,18,352822.3407549858
2017-08-20,19,354164.75584584475
2017-08-20,20,352514.7925224304
2017-08-20,21,353635.07466471195
2017-08-20,22,351566.8942851424
2017-08-20,23,352282.9013475776
2017-08-20,24,343632.49380505085
2017-08-21,1,281984.0235849619
2017-08-21,2,282676.34025007486
2017-08-21,3,284768.8753116131
2017-08-21,4,289401.31006377935
2017-08-21,5,283278.46469300985
2017-08-21,6,289811.70921331644
2017-08-21,7,289363.5011045337
2017-08-21,8,297623.8258263469
2017-08-21,9,304133.6938804388
2017-08-21,10,317835.6840829849
2017-08-21,11,326409.02158641815
2017-08-21,12,339982.26901584864
2017-08-21,13,353345.3348708749
2017-08-21,14,356316.48239672184
2017-08-21,15,363058.3219843507
2017-08-21,16,368010.74341350794
2017-08-21,17,372421.99246138334
2017-08-21,18,376384.4970667362
2017-08-21,19,378800.1082894802
2017-08-21,20,382622.2477864623
2017-08-21,21,382627.70442289114
2017-08-21,22,376907.6977491379
2017-08-21,23,375036.2220802903
2017-08-21,24,363884.90971046686
2017-08-22,1,287951.51250064373
2017-08-22,2,285230.53808796406
2017-08-22,3,291501.50146621466
2017-08-22,4,296091.4552728534
2017-08-22,5,285666.0246078968
2017-08-22,6,287949.6459822655
2017-08-22,7,286359.8462962508
2017-08-22,8,291082.0701313019
2017-08-22,9,296921.5531543493
2017-08-22,10,315986.6128334403
2017-08-22,11,324974.4853937626
2017-08-22,12,337566.2699485421
2017-08-22,13,349780.583650589
2017-08-22,14,354453.63750493526
2017-08-22,15,356765.7909517884
2017-08-22,16,364135.8912565112
2017-08-22,17,365432.2349974513
2017-08-22,18,368220.0686818361
2017-08-22,19,371089.06704449654
2017-08-22,20,370868.8275735378
2017-08-22,21,369801.22340363264
2017-08-22,22,369209.501860559
2017-08-22,23,371287.09387105703
2017-08-22,24,368581.8836399317
2017-08-23,1,279383.36562746763
2017-08-23,2,285367.34427428246
2017-08-23,3,282895.0008171797
2017-08-23,4,285788.05274784565
2017-08-23,5,281713.74761235714
2017-08-23,6,283688.28619390726
2017-08-23,7,287295.3845100999
2017-08-23,8,301952.5388151407
2017-08-23,9,308519.1314429045
2017-08-23,10,320540.53440606594
2017-08-23,11,328983.47674167156
2017-08-23,12,337942.9276522994
2017-08-23,13,347639.18409478664
2017-08-23,14,349853.10340470076
2017-08-23,15,355864.0729941726
2017-08-23,16,361484.26983320713
2017-08-23,17,370045.93749803305
2017-08-23,18,371618.10850065947
2017-08-23,19,377350.79113042355
2017-08-23,20,374261.1882145405
2017-08-23,21,375752.3632683754
2017-08-23,22,370922.759283483
2017-08-23,23,372509.9769065976
2017-08-23,24,368788.8619516492
2017-08-24,1,282475.36094647646
2017-08-24,2,278693.8848041892
2017-08-24,3,283052.8606672287
2017-08-24,4,281278.4709442854
2017-08-24,5,278729.95831263065
2017-08-24,6,281204.1297456622
2017-08-24,7,286539.0985890627
2017-08-24,8,293627.05907028913
2017-08-24,9,305335.6579052806
2017-08-24,10,313787.60470461845
2017-08-24,11,320664.8132659197
2017-08-24,12,332815.5907534957
2017-08-24,13,349022.1552992463
2017-08-24,14,350328.00057059526
2017-08-24,15,357400.1580607891
2017-08-24,16,362613.4210445285
2017-08-24,17,369391.97209995985
2017-08-24,18,368846.0425684452
2017-08-24,19,369897.2804405093
2017-08-24,20,369122.9474673867
2017-08-24,21,373034.388230145
2017-08-24,22,364446.3424887061
2017-08-24,23,366113.63385915756
2017-08-24,24,364191.4469909072
2017-08-25,1,289284.9198385477
2017-08-25,2,280935.2160087824
2017-08-25,3,276119.1628419161
2017-08-25,4,281150.28076297045
2017-08-25,5,285469.7968879342
2017-08-25,6,282830.8602472544
2017-08-25,7,285489.46043872833
2017-08-25,8,292613.139960289
2017-08-25,9,298703.2434274554
2017-08-25,10,312163.2455288172
2017-08-25,11,324229.1349761486
2017-08-25,12,338917.9810037017
2017-08-25,13,345528.33859688044
2017-08-25,14,347559.9593140483
2017-08-25,15,353451.2607188225
2017-08-25,16,353742.5325149298
2017-08-25,17,360811.9223176241
2017-08-25,18,359803.70907121897
2017-08-25,19,359690.2747939229
2017-08-25,20,357735.0494360924
2017-08-25,21,360853.12432706356
2017-08-25,22,359320.37588715553
2017-08-25,23,360011.57822299004
2017-08-25,24,363775.59312808514
2017-08-26,1,280752.79108279943
2017-08-26,2,290036.82074820995
2017-08-26,3,281961.25339818
2017-08-26,4,280876.97733712196
2017-08-26,5,277814.843557775
2017-08-26,6,286205.27150064707
2017-08-26,7,286592.45275342464
2017-08-26,8,296491.68523830175
2017-08-26,9,298727.92630672455
2017-08-26,10,306924.35251647234
2017-08-26,11,322226.0449502468
2017-08-26,12,331951.0103237629
2017-08-26,13,339165.92261582613
2017-08-26,14,348649.2334268689
2017-08-26,15,352356.510738492
2017-08-26,16,349230.3136950731
2017-08-26,17,349389.34202063084
2017-08-26,18,354785.62963706255
2017-08-26,19,356920.6937122345
2017-08-26,20,356703.6845562458
2017-08-26,21,362532.7199366689
2017-08-26,22,358097.75390064716
2017-08-26,23,354877.90079301596
2017-08-26,24,360982.73775577545
2017-08-27,1,277176.09993988276
2017-08-27,2,278852.3072412014
2017-08-27,3,279313.86801689863
2017-08-27,4,284735.2495763898
2017-08-27,5,277890.74840044975
2017-08-27,6,282391.6486544013
2017-08-27,7,283403.74166321754
2017-08-27,8,296858.5105366111
2017-08-27,9,294129.900642097
2017-08-27,10,303809.6919347048
2017-08-27,11,320337.8516088724
2017-08-27,12,324873.0306813717
2017-08-27,13,329017.0164039731
2017-08-27,14,332785.47327160835
2017-08-27,15,342145.4589099884
2017-08-27,16,335182.07631212473
2017-08-27,17,335767.2899314165
2017-08-27,18,335145.6652236581
2017-08-27,19,341126.7584553957
2017-08-27,20,346498.93016541004
2017-08-27,21,354546.6681827903
2017-08-27,22,351299.62895834446
2017-08-27,23,351101.04935771227
2017-08-27,24,356836.3065289259
2017-08-28,1,285631.4233031273
2017-08-28,2,285974.90134578943
2017-08-28,3,293960.21696329117
2017-08-28,4,291215.96322757006
2017-08-28,5,290446.15743249655
2017-08-28,6,293927.84125190973
2017-08-28,7,294215.6712875366
2017-08-28,8,295807.1526889205
2017-08-28,9,297166.79131680727
2017-08-28,10,317988.16438519955
2017-08-28,11,326953.0730648041
2017-08-28,12,338684.06405711174
2017-08-28,13,343010.9734803438
2017-08-28,14,357110.8783211708
2017-08-28,15,363279.84731799364
2017-08-28,16,346495.5986958742
2017-08-28,17,354816.23094409704
2017-08-28,18,354736.8135998249
2017-08-28,19,344728.40165144205
2017-08-28,20,354296.469281137
2017-08-28,21,357894.73431807756
2017-08-28,22,355982.1848554611
2017-08-28,23,358062.7441573143
2017-08-28,24,369945.0801573992
2017-08-29,1,282035.65044903755
2017-08-29,2,284382.41275668144
2017-08-29,3,282695.6399434209
2017-08-29,4,284277.20284199715
2017-08-29,5,283315.2636908889
2017-08-29,6,296002.60669487715
2017-08-29,7,286280.56718313694
2017-08-29,8,286813.7439735532
2017-08-29,9,295581.2443845868
2017-08-29,10,305008.02716475725
2017-08-29,11,322632.87515699863
2017-08-29,12,332149.2156842947
2017-08-29,13,337420.49516516924
2017-08-29,14,350469.28964179754
2017-08-29,15,353922.1281924248
2017-08-29,16,358997.9915576577
2017-08-29,17,354818.9407309294
2017-08-29,18,365319.2977862358
2017-08-29,19,357147.6409319043
2017-08-29,20,356326.9343546629
2017-08-29,21,351887.7223327756
2017-08-29,22,351232.89468455315
2017-08-29,23,360423.5435445905
2017-08-29,24,354218.4420557022
2017-08-30,1,282568.88403582573
2017-08-30,2,288792.4692451358
2017-08-30,3,287755.2112160325
2017-08-30,4,281349.56159192324
2017-08-30,5,280188.13408374786
2017-08-30,6,281508.4677157998
2017-08-30,7,284677.4701137543
2017-08-30,8,285446.3678781986
2017-08-30,9,293013.63907653093
2017-08-30,10,302497.59360051155
2017-08-30,11,315898.60620748997
2017-08-30,12,330901.89654636383
2017-08-30,13,341858.35018724203
2017-08-30,14,339169.1330087185
2017-08-30,15,349928.8500819206
2017-08-30,16,354315.7078666091
2017-08-30,17,357811.13178384304
2017-08-30,18,364178.4236035347
2017-08-30,19,356711.5440481901
2017-08-30,20,361806.98553675413
2017-08-30,21,365629.6200302243
2017-08-30,22,360999.82057219744
2017-08-30,23,366776.5426956415
2017-08-30,24,355093.3040422797
2017-08-31,1,278914.51201832294
2017-08-31,2,275506.04491740465
2017-08-31,3,275562.22666966915
2017-08-31,4,285841.5568265915
2017-08-31,5,280631.1028548479
2017-08-31,6,282491.3125550747
2017-08-31,7,282657.86431246996
2017-08-31,8,293747.62788546085
2017-08-31,9,297561.0980939269
2017-08-31,10,301273.2072330713
2017-08-31,11,311970.34968596697
2017-08-31,12,326146.8699759841
2017-08-31,13,322238.97183167934
2017-08-31,14,331144.31021749973
2017-08-31,15,338815.5584549904
2017-08-31,16,343152.1029661894
2017-08-31,17,355382.3742490411
2017-08-31,18,360105.0200366974
2017-08-31,19,358422.2495995164
2017-08-31,20,358325.7714290023
2017-08-31,21,365582.5246489048
2017-08-31,22,359727.91216927767
2017-08-31,23,363604.6041915417
2017-08-31,24,355717.81158047915
2017-09-01,1,257184.65908241272
2017-09-01,2,254226.28507763147
2017-09-01,3,255817.05230778456
2017-09-01,4,257149.49359744787
2017-09-01,5,255575.47394943237
2017-09-01,6,265826.6026081443
2017-09-01,7,265850.3951584697
2017-09-01,8,267894.99659365416
2017-09-01,9,277619.52871364355
2017-09-01,10,288553.4742947817
2017-09-01,11,307739.7723644972
2017-09-01,12,310432.98553448915
2017-09-01,13,319415.656704545
2017-09-01,14,331827.7423644662
2017-09-01,15,337610.99246639013
2017-09-01,16,342478.5186830759
2017-09-01,17,340979.9503515959
2017-09-01,18,341049.6357729435
2017-09-01,19,341639.2326965928
2017-09-01,20,346281.5098596215
2017-09-01,21,342248.15802305937
2017-09-01,22,341891.17901450396
2017-09-01,23,340380.89403373003
2017-09-01,24,351958.49771261215
2017-09-02,1,260041.34645563364
2017-09-02,2,259479.99720460176
2017-09-02,3,261709.29722869396
2017-09-02,4,261418.49408119917
2017-09-02,5,265371.21749538183
2017-09-02,6,256517.3034620285
2017-09-02,7,266819.63730055094
2017-09-02,8,270588.1469589472
2017-09-02,9,273036.78521335125
2017-09-02,10,287361.9614509344
2017-09-02,11,302586.3793762326
2017-09-02,12,312559.6581055522
2017-09-02,13,321877.2786245346
2017-09-02,14,332250.10162472725
2017-09-02,15,337326.65243053436
2017-09-02,16,340525.67721766233
2017-09-02,17,348958.9046522975
2017-09-02,18,350898.343077302
2017-09-02,19,350165.9053738117
2017-09-02,20,347248.62384170294
2017-09-02,21,349767.69060498476
2017-09-02,22,346724.3996771574
2017-09-02,23,347520.2069423795
2017-09-02,24,329007.6985954046
2017-09-03,1,256061.97454226017
2017-09-03,2,253498.41502559185
2017-09-03,3,253852.61905539036
2017-09-03,4,252335.33803522587
2017-09-03,5,254028.70081669092
2017-09-03,6,255588.13847130537
2017-09-03,7,258109.19462883472
2017-09-03,8,268477.2306123376
2017-09-03,9,274017.87422788143
2017-09-03,10,281050.6404120922
2017-09-03,11,296985.0660935044
2017-09-03,12,313867.9487879276
2017-09-03,13,326353.86860114336
2017-09-03,14,333603.33390158415
2017-09-03,15,339545.32772117853
2017-09-03,16,336735.56014698744
2017-09-03,17,342618.0569431186
2017-09-03,18,344050.68503665924
2017-09-03,19,348084.64106714725
2017-09-03,20,341560.3602529168
2017-09-03,21,346095.93802702427
2017-09-03,22,348223.84251075983
2017-09-03,23,345233.04634714127
2017-09-03,24,344703.4215427637
2017-09-04,1,278866.01385974884
2017-09-04,2,276229.64794790745
2017-09-04,3,285107.0857171416
2017-09-04,4,282211.5813604593
2017-09-04,5,282745.7155236602
2017-09-04,6,278295.48597061634
2017-09-04,7,283024.41179424524
2017-09-04,8,285199.30885118246
2017-09-04,9,290658.72601389885
2017-09-04,10,300521.6242913604
2017-09-04,11,320200.796397984
2017-09-04,12,327827.6842560172
2017-09-04,13,334954.47833913565
2017-09-04,14,338215.60725551844
2017-09-04,15,345548.26213151217
2017-09-04,16,346172.5865369439
2017-09-04,17,353412.6848887801
2017-09-04,18,357303.20871186256
2017-09-04,19,359435.58243751526
2017-09-04,20,352386.3418086171
2017-09-04,21,363746.7436428666
2017-09-04,22,358937.69204354286
2017-09-04,23,355279.28470754623
2017-09-04,24,358874.7085825801
2017-09-05,1,264510.56432819366
2017-09-05,2,265834.8676995635
2017-09-05,3,261846.9704196453
2017-09-05,4,266479.0860988498
2017-09-05,5,265527.62674087286
2017-09-05,6,265877.96164250374
2017-09-05,7,274024.38923573494
2017-09-05,8,280416.9768830538
2017-09-05,9,283628.1690969467
2017-09-05,10,293336.4848024845
2017-09-05,11,308392.61778885126
2017-09-05,12,321722.2211204171
2017-09-05,13,333134.4826695919
2017-09-05,14,339271.6564005017
2017-09-05,15,346882.2793915868
2017-09-05,16,352907.30736124516
2017-09-05,17,356525.09605968
2017-09-05,18,357664.46455585957
2017-09-05,19,356066.36968141794
2017-09-05,20,351064.31379431486
2017-09-05,21,356421.41057020426
2017-09-05,22,355836.66996604204
2017-09-05,23,355140.7977094054
2017-09-05,24,344811.1908931732
2017-09-06,1,268414.81960737705
2017-09-06,2,270548.3656208515
2017-09-06,3,264931.5244513154
2017-09-06,4,269131.1612391472
2017-09-06,5,267815.96305054426
2017-09-06,6,264294.9313135743
2017-09-06,7,273620.55210852623
2017-09-06,8,279524.818757534
2017-09-06,9,279153.0226870179
2017-09-06,10,299283.8714438081
2017-09-06,11,301409.1066350341
2017-09-06,12,311376.8937509656
2017-09-06,13,325831.37072885036
2017-09-06,14,335409.3112282157
2017-09-06,15,338416.11990886927
2017-09-06,16,348421.26436012983
2017-09-06,17,351203.7776826024
2017-09-06,18,353742.28741651773
2017-09-06,19,356908.93389332294
2017-09-06,20,356274.62895196676
2017-09-06,21,361927.4700023532
2017-09-06,22,362161.12050920725
2017-09-06,23,357320.23930454254
2017-09-06,24,349244.72891432047
2017-09-07,1,277535.4378698468
2017-09-07,2,270121.69945192337
2017-09-07,3,271133.657625556
2017-09-07,4,278626.43360739946
2017-09-07,5,277599.1235141754
2017-09-07,6,279925.66593670845
2017-09-07,7,288038.2777517438
2017-09-07,8,291514.55264663696
2017-09-07,9,293929.61887055635
2017-09-07,10,307948.932669878
2017-09-07,11,317777.13068652153
2017-09-07,12,326697.36897200346
2017-09-07,13,332764.0589207411
2017-09-07,14,338672.72544384
2017-09-07,15,341728.97017395496
2017-09-07,16,349664.7360589504
2017-09-07,17,353401.03226464987
2017-09-07,18,348979.583147645
2017-09-07,19,358050.7153931856
2017-09-07,20,356420.14403373003
2017-09-07,21,349420.63698780537
2017-09-07,22,356232.7220531106
2017-09-07,23,357731.9126891494
2017-09-07,24,356746.61197555065
2017-09-08,1,266339.2917793989
2017-09-08,2,266830.2824011445
2017-09-08,3,269037.9618970156
2017-09-08,4,265443.6974167824
2017-09-08,5,269380.9118666649
2017-09-08,6,269691.9661473632
2017-09-08,7,270983.0705575943
2017-09-08,8,281297.5872401595
2017-09-08,9,288575.80334311724
2017-09-08,10,299193.9215255976
2017-09-08,11,309186.98150861263
2017-09-08,12,322691.3877301216
2017-09-08,13,328090.52579015493
2017-09-08,14,339708.97426605225
2017-09-08,15,341353.1294092536
2017-09-08,16,343312.8358387947
2017-09-08,17,345470.23006784916
2017-09-08,18,347457.7479043007
2017-09-08,19,351398.24106633663
2017-09-08,20,353221.92770558596
2017-09-08,21,357262.5340253711
2017-09-08,22,358858.44180101156
2017-09-08,23,356065.3198594451
2017-09-08,24,353783.4099113941
2017-09-09,1,274495.83447015285
2017-09-09,2,278536.27951174974
2017-09-09,3,275753.8562948108
2017-09-09,4,278090.1428052783
2017-09-09,5,284752.695964098
2017-09-09,6,275341.72854959965
2017-09-09,7,282228.5233197212
2017-09-09,8,288579.7062931061
2017-09-09,9,295679.32333153486
2017-09-09,10,309400.9709957242
2017-09-09,11,309770.6633515954
2017-09-09,12,324502.27294278145
2017-09-09,13,324616.2985063791
2017-09-09,14,334899.88648718596
2017-09-09,15,334742.9949719906
2017-09-09,16,333565.5464709997
2017-09-09,17,339028.9724420309
2017-09-09,18,344140.80606919527
2017-09-09,19,340367.001532197
2017-09-09,20,341293.58513730764
2017-09-09,21,349674.4797914624
2017-09-09,22,353777.9099435806
2017-09-09,23,347523.6938344836
2017-09-09,24,350543.50990998745
2017-09-10,1,270619.9611071348
2017-09-10,2,267577.4235583544
2017-09-10,3,269388.99565041065
2017-09-10,4,272449.37797772884
2017-09-10,5,274122.40597492456
2017-09-10,6,270166.623537302
2017-09-10,7,270679.95597171783
2017-09-10,8,275266.8691534996
2017-09-10,9,278762.3502122164
2017-09-10,10,292144.40746313334
2017-09-10,11,306179.92514407635
2017-09-10,12,319371.5626286864
2017-09-10,13,324755.5664816499
2017-09-10,14,335497.67870402336
2017-09-10,15,342144.8848475218
2017-09-10,16,345108.1552397609
2017-09-10,17,346099.7003470659
2017-09-10,18,353590.467572093
2017-09-10,19,352497.84476429224
2017-09-10,20,357268.8731908798
2017-09-10,21,357408.22380524874
2017-09-10,22,350239.27198171616
2017-09-10,23,348738.9530174732
2017-09-10,24,354774.3168887496
2017-09-11,1,286325.8945132494
2017-09-11,2,290638.8942107558
2017-09-11,3,287874.1168100834
2017-09-11,4,284335.0820712447
2017-09-11,5,282940.8671142459
2017-09-11,6,289292.12366604805
2017-09-11,7,294739.4751525521
2017-09-11,8,297628.5993463993
2017-09-11,9,300874.10639101267
2017-09-11,10,320476.84977322817
2017-09-11,11,326854.3447153568
2017-09-11,12,337567.68601053953
2017-09-11,13,345305.9587661624
2017-09-11,14,358632.4555541873
2017-09-11,15,366861.91453272104
2017-09-11,16,366187.36545699835
2017-09-11,17,373676.1442144513
2017-09-11,18,377201.4556045532
2017-09-11,19,382386.00308173895
2017-09-11,20,380797.9412077069
2017-09-11,21,378071.2134181261
2017-09-11,22,375195.7377436757
2017-09-11,23,368894.5874645114
2017-09-11,24,364035.3310995102
2017-09-12,1,291623.5772315264
2017-09-12,2,289602.9211318493
2017-09-12,3,291390.5971791148
2017-09-12,4,287817.37871325016
2017-09-12,5,294664.8250051737
2017-09-12,6,289581.7876923084
2017-09-12,7,292195.7854554653
2017-09-12,8,297979.7910143733
2017-09-12,9,310357.4976117611
2017-09-12,10,314692.8848436475
2017-09-12,11,321767.76975899935
2017-09-12,12,335745.42497348785
2017-09-12,13,336992.0552561283
2017-09-12,14,342965.5537292361
2017-09-12,15,347518.3464245796
2017-09-12,16,355867.4171113968
2017-09-12,17,358611.5844746232
2017-09-12,18,359849.2333280444
2017-09-12,19,358620.74090236425
2017-09-12,20,363931.5461048484
2017-09-12,21,363889.50477427244
2017-09-12,22,360468.3158662915
2017-09-12,23,356295.4853833914
2017-09-12,24,368100.2080296278
2017-09-13,1,275509.0140955448
2017-09-13,2,276251.3936600685
2017-09-13,3,279968.93341469765
2017-09-13,4,272099.767703712
2017-09-13,5,277972.1416528821
2017-09-13,6,278959.3958004713
2017-09-13,7,282231.4931990504
2017-09-13,8,284261.01074284315
2017-09-13,9,292581.71567577124
2017-09-13,10,309794.9580247402
2017-09-13,11,322352.4580474496
2017-09-13,12,339096.4477919936
2017-09-13,13,342751.1177238226
2017-09-13,14,351405.86456537247
2017-09-13,15,348410.59727424383
2017-09-13,16,353378.69700050354
2017-09-13,17,358103.17349535227
2017-09-13,18,359161.06629890203
2017-09-13,19,359582.8957274556
2017-09-13,20,361505.90261137486
2017-09-13,21,359446.39156901836
2017-09-13,22,360256.9693405628
2017-09-13,23,356307.8472905755
2017-09-13,24,359715.86050122976
2017-09-14,1,274068.9015428424
2017-09-14,2,265065.3465926647
2017-09-14,3,273981.72157758474
2017-09-14,4,278828.19087064266
2017-09-14,5,272767.80011445284
2017-09-14,6,280734.853921175
2017-09-14,7,278717.31575495005
2017-09-14,8,280349.0117748976
2017-09-14,9,287943.99155831337
2017-09-14,10,298609.9281998277
2017-09-14,11,313076.42453730106
2017-09-14,12,329892.66385757923
2017-09-14,13,333498.0134781599
2017-09-14,14,347331.8594864011
2017-09-14,15,350747.7846278548
2017-09-14,16,350666.32927930355
2017-09-14,17,349700.050670743
2017-09-14,18,352667.7190221548
2017-09-14,19,351089.85791033506
2017-09-14,20,353273.5656554699
2017-09-14,21,350619.37285244465
2017-09-14,22,352139.753518939
2017-09-14,23,354148.78491199017
2017-09-14,24,355516.5607754588
2017-09-15,1,268365.60114377737
2017-09-15,2,269625.11071896553
2017-09-15,3,272243.0889592767
2017-09-15,4,279225.18953096867
2017-09-15,5,280796.7207430601
2017-09-15,6,285611.8077466488
2017-09-15,7,280750.24759179354
2017-09-15,8,295293.017539382
2017-09-15,9,293954.43087410927
2017-09-15,10,300821.0359393358
2017-09-15,11,308641.22870475054
2017-09-15,12,314127.44407594204
2017-09-15,13,318182.818983078
2017-09-15,14,327123.33918726444
2017-09-15,15,332447.12251645327
2017-09-15,16,339237.20561647415
2017-09-15,17,346787.9522925019
2017-09-15,18,351633.7089460492
2017-09-15,19,344133.9555863738
2017-09-15,20,351354.48272407055
2017-09-15,21,343514.678668797
2017-09-15,22,346572.467292428
2017-09-15,23,339719.32223951817
2017-09-15,24,353373.42230057716
2017-09-16,1,263407.8588386178
2017-09-16,2,270108.3659335375
2017-09-16,3,267975.7630021572
2017-09-16,4,267676.74231797457
2017-09-16,5,272543.7711098194
2017-09-16,6,269409.72721266747
2017-09-16,7,268758.1271919608
2017-09-16,8,272445.26566261053
2017-09-16,9,270350.567664206
2017-09-16,10,281123.21092164516
2017-09-16,11,301931.10792422295
2017-09-16,12,311659.97053682804
2017-09-16,13,321575.8595132232
2017-09-16,14,329126.69984668493
2017-09-16,15,337138.737131536
2017-09-16,16,336164.7954400778
2017-09-16,17,347118.83796072006
2017-09-16,18,340306.6844545603
2017-09-16,19,339650.844019413
2017-09-16,20,342255.19333428144
2017-09-16,21,344509.84686237574
2017-09-16,22,341410.27140539885
2017-09-16,23,339152.3898998499
2017-09-16,24,336380.35133218765
2017-09-17,1,249691.9620603919
2017-09-17,2,253469.60282492638
2017-09-17,3,251627.24360787868
2017-09-17,4,250308.6173570156
2017-09-17,5,251182.69651269913
2017-09-17,6,258579.24326604605
2017-09-17,7,256939.6584521532
2017-09-17,8,264728.72419190407
2017-09-17,9,273496.3882598877
2017-09-17,10,289302.60774201155
2017-09-17,11,301104.1823922992
2017-09-17,12,311856.9405475855
2017-09-17,13,318035.92996537685
2017-09-17,14,332758.8865069151
2017-09-17,15,335987.6892795563
2017-09-17,16,342494.7065244913
2017-09-17,17,341628.18905228376
2017-09-17,18,340656.115165174
2017-09-17,19,341728.371083498
2017-09-17,20,344014.2187548876
2017-09-17,21,350058.2604267001
2017-09-17,22,348148.3841857314
2017-09-17,23,347620.3910638094
2017-09-17,24,335806.2570492625
2017-09-18,1,273031.18215048313
2017-09-18,2,281198.5905677676
2017-09-18,3,283784.2126093507
2017-09-18,4,281625.6252336502
2017-09-18,5,287423.4783679247
2017-09-18,6,287061.8132747412
2017-09-18,7,284125.5864033699
2017-09-18,8,295516.49577593803
2017-09-18,9,301414.3025281429
2017-09-18,10,315211.8065289259
2017-09-18,11,327484.93709874153
2017-09-18,12,335703.7391092181
2017-09-18,13,337242.74929988384
2017-09-18,14,346745.0562902689
2017-09-18,15,347844.7642030716
2017-09-18,16,352231.682741642
2017-09-18,17,353426.48687672615
2017-09-18,18,353698.8728016615
2017-09-18,19,352787.4017140269
2017-09-18,20,348192.0492347479
2017-09-18,21,363107.54129326344
2017-09-18,22,360342.20773488283
2017-09-18,23,366078.27502787113
2017-09-18,24,359046.3188214898
2017-09-19,1,273648.8808732033
2017-09-19,2,271317.29005128145
2017-09-19,3,266555.47706997395
2017-09-19,4,266594.25769364834
2017-09-19,5,269859.4129932523
2017-09-19,6,276968.12199020386
2017-09-19,7,275220.31078851223
2017-09-19,8,286418.2108269334
2017-09-19,9,285160.4040464759
2017-09-19,10,308230.7475345135
2017-09-19,11,320784.7845990658
2017-09-19,12,330028.82901614904
2017-09-19,13,336408.517108798
2017-09-19,14,348565.7091513872
2017-09-19,15,350719.093785584
2017-09-19,16,347716.51873987913
2017-09-19,17,356457.07409369946
2017-09-19,18,362665.7461492419
2017-09-19,19,365424.0862979293
2017-09-19,20,363108.22722542286
2017-09-19,21,364167.6683912873
2017-09-19,22,350449.5378739834
2017-09-19,23,353964.8222116828
2017-09-19,24,359312.684953928
2017-09-20,1,268898.96361881495
2017-09-20,2,258570.0701121688
2017-09-20,3,261584.76124560833
2017-09-20,4,265014.51681536436
2017-09-20,5,267047.437600255
2017-09-20,6,263656.49364972115
2017-09-20,7,266576.1879120469
2017-09-20,8,272567.95375573635
2017-09-20,9,275641.92231571674
2017-09-20,10,304680.7957291007
2017-09-20,11,318923.40351748466
2017-09-20,12,329820.34435522556
2017-09-20,13,336758.33334749937
2017-09-20,14,346115.36164808273
2017-09-20,15,354973.185762167
2017-09-20,16,355921.62017929554
2017-09-20,17,358033.20701152086
2017-09-20,18,363563.96676653624
2017-09-20,19,361876.2652645111
2017-09-20,20,359966.0780978799
2017-09-20,21,361711.95711922646
2017-09-20,22,354881.16561841965
2017-09-20,23,352342.682543695
2017-09-20,24,346254.39236342907
2017-09-21,1,268311.55331736803
2017-09-21,2,269113.3837188482
2017-09-21,3,269092.618696332
2017-09-21,4,274254.0568649173
2017-09-21,5,267064.83116930723
2017-09-21,6,270877.00078594685
2017-09-21,7,272834.6231440306
2017-09-21,8,286180.23293817043
2017-09-21,9,291066.9593011737
2017-09-21,10,304615.042758286
2017-09-21,11,314638.59300100803
2017-09-21,12,325811.0551161766
2017-09-21,13,335891.5555369258
2017-09-21,14,342177.9141715765
2017-09-21,15,346837.3909391761
2017-09-21,16,350617.45495438576
2017-09-21,17,350546.42420476675
2017-09-21,18,351163.46405154467
2017-09-21,19,351433.93954473734
2017-09-21,20,356430.60760879517
2017-09-21,21,354152.8996142745
2017-09-21,22,361568.48208886385
2017-09-21,23,358508.64761275053
2017-09-21,24,348601.6508066654
2017-09-22,1,276944.15210437775
2017-09-22,2,272047.5225048065
2017-09-22,3,272873.3622601032
2017-09-22,4,275043.3447188139
2017-09-22,5,277871.8219732642
2017-09-22,6,278768.86738693714
2017-09-22,7,280491.888117671
2017-09-22,8,282723.3738100529
2017-09-22,9,281827.4491254091
2017-09-22,10,298634.51536411047
2017-09-22,11,304676.5065202713
2017-09-22,12,308715.157337904
2017-09-22,13,323239.98838722706
2017-09-22,14,329124.0080368519
2017-09-22,15,334598.78323173523
2017-09-22,16,337667.836386919
2017-09-22,17,346653.87144583464
2017-09-22,18,349297.2371106744
2017-09-22,19,354396.3569480777
2017-09-22,20,350994.75945442915
2017-09-22,21,353233.34631222486
2017-09-22,22,354330.71687579155
2017-09-22,23,349500.25997811556
2017-09-22,24,352828.1761672497
2017-09-23,1,266890.7778286934
2017-09-23,2,265040.1519101858
2017-09-23,3,269035.7098748684
2017-09-23,4,267360.7763041854
2017-09-23,5,270541.3730752468
2017-09-23,6,270254.4044907689
2017-09-23,7,273851.07353520393
2017-09-23,8,283365.41103184223
2017-09-23,9,288031.0030286908
2017-09-23,10,300317.6558736563
2017-09-23,11,312236.2075561285
2017-09-23,12,325770.35177081823
2017-09-23,13,334518.4475822449
2017-09-23,14,347523.3664788604
2017-09-23,15,348170.23482608795
2017-09-23,16,352005.18692857027
2017-09-23,17,357225.8979418278
2017-09-23,18,356217.0865755081
2017-09-23,19,355539.65729910135
2017-09-23,20,350315.4483244419
2017-09-23,21,347695.24869966507
2017-09-23,22,349750.64470136166
2017-09-23,23,349231.82502537966
2017-09-23,24,343094.1229761839
2017-09-24,1,257865.09378653765
2017-09-24,2,259195.74529403448
2017-09-24,3,260916.50662004948
2017-09-24,4,264179.2147073746
2017-09-24,5,264783.44244903326
2017-09-24,6,269055.1350619793
2017-09-24,7,264949.3267798424
2017-09-24,8,276698.2529396415
2017-09-24,9,277742.2517567277
2017-09-24,10,290062.56033551693
2017-09-24,11,302142.03294181824
2017-09-24,12,321249.4459428191
2017-09-24,13,332501.1371964812
2017-09-24,14,345036.2401703596
2017-09-24,15,346729.47952479124
2017-09-24,16,347414.05325222015
2017-09-24,17,352856.4791871309
2017-09-24,18,356028.3569948077
2017-09-24,19,356658.8638988137
2017-09-24,20,355988.5612421632
2017-09-24,21,349445.6760790944
2017-09-24,22,340757.0180207491
2017-09-24,23,347980.6555592418
2017-09-24,24,344139.69817113876
2017-09-25,1,279529.20129686594
2017-09-25,2,280306.7456251979
2017-09-25,3,280402.38082551956
2017-09-25,4,279622.45990008116
2017-09-25,5,279369.6375231743
2017-09-25,6,282467.28867298365
2017-09-25,7,283589.2017888427
2017-09-25,8,289320.97421461344
2017-09-25,9,294528.1205431819
2017-09-25,10,313908.3426967263
2017-09-25,11,332651.0770201683
2017-09-25,12,343034.1839451194
2017-09-25,13,356780.11481916904
2017-09-25,14,358052.3387928009
2017-09-25,15,363795.7494776845
2017-09-25,16,366513.7712814212
2017-09-25,17,362827.93903183937
2017-09-25,18,367466.3896961808
2017-09-25,19,364559.9324837327
2017-09-25,20,369245.21071076393
2017-09-25,21,368456.38669884205
2017-09-25,22,360882.3684490919
2017-09-25,23,368904.4910494089
2017-09-25,24,366028.82496649027
2017-09-26,1,281087.30470073223
2017-09-26,2,285876.67557507753
2017-09-26,3,281889.1045075655
2017-09-26,4,282873.333594501
2017-09-26,5,284193.5401391387
2017-09-26,6,290803.1450458765
2017-09-26,7,288077.617172122
2017-09-26,8,285944.5568918586
2017-09-26,9,293613.55446761847
2017-09-26,10,312611.6951432824
2017-09-26,11,326159.168010056
2017-09-26,12,335802.3899744153
2017-09-26,13,347472.0571742058
2017-09-26,14,354315.9825645089
2017-09-26,15,363147.9721879959
2017-09-26,16,364877.20091187954
2017-09-26,17,364477.85879290104
2017-09-26,18,368530.7595831156
2017-09-26,19,364138.8469668031
2017-09-26,20,364653.06190413237
2017-09-26,21,365729.77860057354
2017-09-26,22,360413.1856716871
2017-09-26,23,358959.09442204237
2017-09-26,24,367191.8315796256
2017-09-27,1,277364.95683157444
2017-09-27,2,273806.3141154647
2017-09-27,3,275475.9242737889
2017-09-27,4,275394.19389253855
2017-09-27,5,275229.6654062867
2017-09-27,6,273838.8410294056
2017-09-27,7,283463.4456818104
2017-09-27,8,283567.17108905315
2017-09-27,9,292002.25336784124
2017-09-27,10,301411.2039975524
2017-09-27,11,312282.01527279615
2017-09-27,12,331485.12093001604
2017-09-27,13,343745.58078068495
2017-09-27,14,345877.50651425123
2017-09-27,15,343108.8808993101
2017-09-27,16,345205.45888000727
2017-09-27,17,352137.76774555445
2017-09-27,18,356870.7906911373
2017-09-27,19,354329.12566643953
2017-09-27,20,355391.03020119667
2017-09-27,21,354231.55960285664
2017-09-27,22,355695.53511554
2017-09-27,23,358433.45193338394
2017-09-27,24,355132.6019489169
2017-09-28,1,276846.1171608567
2017-09-28,2,272408.69924354553
2017-09-28,3,277245.55510532856
2017-09-28,4,271412.6654610038
2017-09-28,5,276387.2849146724
2017-09-28,6,266387.3969723582
2017-09-28,7,277089.49245613813
2017-09-28,8,288213.45117759705
2017-09-28,9,288295.34736377
2017-09-28,10,303336.39994478226
2017-09-28,11,318988.5315800905
2017-09-28,12,332568.4945142865
2017-09-28,13,339804.8701595664
2017-09-28,14,347736.5231471658
2017-09-28,15,355537.66224712133
2017-09-28,16,360654.38375771046
2017-09-28,17,363359.3547901511
2017-09-28,18,366991.9958105087
2017-09-28,19,362108.5491973758
2017-09-28,20,356785.4944456816
2017-09-28,21,358333.752861917
2017-09-28,22,358679.29179787636
2017-09-28,23,360538.8447288275
2017-09-28,24,358647.8959637284
2017-09-29,1,268337.6058020592
2017-09-29,2,277146.21151578426
2017-09-29,3,272295.16619861126
2017-09-29,4,272242.25044083595
2017-09-29,5,266891.63473665714
2017-09-29,6,275812.42930161953
2017-09-29,7,281572.01018226147
2017-09-29,8,286452.19599962234
2017-09-29,9,294035.7214856148
2017-09-29,10,300863.7217514515
2017-09-29,11,313965.0373917818
2017-09-29,12,328026.23822933435
2017-09-29,13,334147.1420496106
2017-09-29,14,350520.69319444895
2017-09-29,15,355703.1355803013
2017-09-29,16,351774.91447776556
2017-09-29,17,356424.26257669926
2017-09-29,18,357137.05408751965
2017-09-29,19,359424.84243392944
2017-09-29,20,352841.0034227967
2017-09-29,21,355777.4361668825
2017-09-29,22,357322.1483813524
2017-09-29,23,354771.42902708054
2017-09-29,24,349359.2394156456
2017-09-30,1,264354.7065437436
2017-09-30,2,271774.80025440454
2017-09-30,3,265835.33771777153
2017-09-30,4,270166.1445080042
2017-09-30,5,272712.56779903173
2017-09-30,6,276496.7194491625
2017-09-30,7,274545.31623613834
2017-09-30,8,284622.840695858
2017-09-30,9,287252.7371741533
2017-09-30,10,302923.7506557107
2017-09-30,11,300965.88714420795
2017-09-30,12,316970.7125759125
2017-09-30,13,325869.5182247758
2017-09-30,14,328709.24677044153
2017-09-30,15,343640.52584016323
2017-09-30,16,344696.129154861
2017-09-30,17,344584.42460405827
2017-09-30,18,355107.2755777836
2017-09-30,19,350335.96916395426
2017-09-30,20,350195.1429902315
2017-09-30,21,354132.4563149214
2017-09-30,22,353597.3132393956
2017-09-30,23,356442.2012978196
2017-09-30,24,351160.2971584201
2017-10-01,1,269862.18073523045
2017-10-01,2,266650.14162683487
2017-10-01,3,268253.54477900267
2017-10-01,4,265741.4571573734
2017-10-01,5,271860.8265193701
2017-10-01,6,270903.2164238095
2017-10-01,7,278382.2678307891
2017-10-01,8,277433.9342815876
2017-10-01,9,280685.73430633545
2017-10-01,10,286678.0049598217
2017-10-01,11,299313.5025445223
2017-10-01,12,307187.56197971106
2017-10-01,13,318350.62763780355
2017-10-01,14,328781.9838320017
2017-10-01,15,333935.44606405497
2017-10-01,16,339859.74072420597
2017-10-01,17,342456.4744374752
2017-10-01,18,343163.2959660888
2017-10-01,19,350457.5865111947
2017-10-01,20,347876.0949110389
2017-10-01,21,349598.20555472374
2017-10-01,22,347384.2410374284
2017-10-01,23,345680.5876278281
2017-10-01,24,347683.5639720559
2017-10-02,1,287535.4993581176
2017-10-02,2,284940.5349625349
2017-10-02,3,281833.50988835096
2017-10-02,4,287399.03072708845
2017-10-02,5,282523.76653546095
2017-10-02,6,281126.012131989
2017-10-02,7,285998.2609744072
2017-10-02,8,293190.3953319192
2017-10-02,9,297238.33309340477
2017-10-02,10,306192.33381050825
2017-10-02,11,324263.2557090521
2017-10-02,12,319983.11778867245
2017-10-02,13,325895.53999596834
2017-10-02,14,348816.8757905364
2017-10-02,15,350813.4602511525
2017-10-02,16,360192.6858714819
2017-10-02,17,362313.0351668
2017-10-02,18,362642.40322083235
2017-10-02,19,364365.48718357086
2017-10-02,20,362744.5531463027
2017-10-02,21,364292.98478502035
2017-10-02,22,359879.45203208923
2017-10-02,23,362236.7298182249
2017-10-02,24,368310.31221169233
2017-10-03,1,272337.28360277414
2017-10-03,2,276528.6535641551
2017-10-03,3,279300.3558630347
2017-10-03,4,278415.84827566147
2017-10-03,5,283463.84310907125
2017-10-03,6,281135.13032215834
2017-10-03,7,289411.0706551671
2017-10-03,8,297625.3061619997
2017-10-03,9,297792.7557646632
2017-10-03,10,304601.27096122503
2017-10-03,11,319657.93077737093
2017-10-03,12,328604.76435375214
2017-10-03,13,329057.622520566
2017-10-03,14,350431.26904547215
2017-10-03,15,356997.7346033454
2017-10-03,16,355359.01946491003
2017-10-03,17,361595.0539237261
2017-10-03,18,366307.9993547797
2017-10-03,19,366662.504946053
2017-10-03,20,365529.16335988045
2017-10-03,21,367082.5006583333
2017-10-03,22,363445.30691730976
2017-10-03,23,360941.65431571007
2017-10-03,24,353049.7729613185
2017-10-04,1,281510.3978752494
2017-10-04,2,283755.65638691187
2017-10-04,3,282007.1497398019
2017-10-04,4,283281.8331425786
2017-10-04,5,282574.64579957724
2017-10-04,6,284636.5271323323
2017-10-04,7,281755.309758842
2017-10-04,8,293090.71865946054
2017-10-04,9,292883.62787002325
2017-10-04,10,305805.75800156593
2017-10-04,11,318884.2318109274
2017-10-04,12,328891.0501579046
2017-10-04,13,338373.66017496586
2017-10-04,14,342111.2272801399
2017-10-04,15,352756.45126610994
2017-10-04,16,352390.6433702111
2017-10-04,17,357362.98507255316
2017-10-04,18,360265.63672727346
2017-10-04,19,361364.0683916211
2017-10-04,20,356772.44648474455
2017-10-04,21,360333.86573827267
2017-10-04,22,354398.80839055777
2017-10-04,23,357179.6131705642
2017-10-04,24,357763.7297978997
2017-10-05,1,269747.84828454256
2017-10-05,2,270649.12748873234
2017-10-05,3,267768.24287468195
2017-10-05,4,270376.50945186615
2017-10-05,5,274161.08192539215
2017-10-05,6,280990.39376860857
2017-10-05,7,279762.5798570514
2017-10-05,8,289160.06025087833
2017-10-05,9,297902.0488715172
2017-10-05,10,307727.7525036335
2017-10-05,11,315193.3400503993
2017-10-05,12,324629.8123962879
2017-10-05,13,336708.542263031
2017-10-05,14,346363.6722615957
2017-10-05,15,356217.5533531904
2017-10-05,16,359432.82895451784
2017-10-05,17,360390.40103316307
2017-10-05,18,366001.94820427895
2017-10-05,19,367412.74597382545
2017-10-05,20,362308.365573287
2017-10-05,21,364033.72770762444
2017-10-05,22,360914.07565146685
2017-10-05,23,358211.80071246624
2017-10-05,24,350766.8854083419
2017-10-06,1,276895.044308126
2017-10-06,2,281719.28207081556
2017-10-06,3,279473.1545111537
2017-10-06,4,283424.94382333755
2017-10-06,5,279117.99893152714
2017-10-06,6,280090.9946035743
2017-10-06,7,288493.6971858144
2017-10-06,8,284439.52186101675
2017-10-06,9,292397.44022607803
2017-10-06,10,312371.17811733484
2017-10-06,11,321940.2489107251
2017-10-06,12,319663.10923856497
2017-10-06,13,323697.8903133273
2017-10-06,14,332637.7257440686
2017-10-06,15,345525.94435822964
2017-10-06,16,353002.8790165186
2017-10-06,17,359571.5995205641
2017-10-06,18,362965.23872226477
2017-10-06,19,362243.48625820875
2017-10-06,20,358622.37253916264
2017-10-06,21,361004.9491804838
2017-10-06,22,364444.1279978156
2017-10-06,23,361551.2774658799
2017-10-06,24,357957.62009221315
2017-10-07,1,276745.6350414753
2017-10-07,2,272653.1894662976
2017-10-07,3,275178.983638227
2017-10-07,4,278860.26945352554
2017-10-07,5,280340.0915260315
2017-10-07,6,279123.0401906371
2017-10-07,7,289040.46744805574
2017-10-07,8,298551.7290510535
2017-10-07,9,296717.56850510836
2017-10-07,10,310696.5688162446
2017-10-07,11,321294.8955309391
2017-10-07,12,334588.04612123966
2017-10-07,13,342004.8350491524
2017-10-07,14,343953.8762344122
2017-10-07,15,348724.86784780025
2017-10-07,16,350335.2780146003
2017-10-07,17,353193.07744932175
2017-10-07,18,354523.3617732525
2017-10-07,19,354167.8245946169
2017-10-07,20,349190.77075612545
2017-10-07,21,347399.977658391
2017-10-07,22,340351.1131373644
2017-10-07,23,340264.62595546246
2017-10-07,24,359300.15265512466
2017-10-08,1,257357.6704083681
2017-10-08,2,259320.9972100854
2017-10-08,3,263112.2399404049
2017-10-08,4,264520.06863230467
2017-10-08,5,268941.90343660116
2017-10-08,6,273940.0815128088
2017-10-08,7,274378.91612666845
2017-10-08,8,275734.5766893625
2017-10-08,9,280699.98802787066
2017-10-08,10,292487.89463698864
2017-10-08,11,302362.341565609
2017-10-08,12,314592.0524837971
2017-10-08,13,329329.6311183572
2017-10-08,14,339447.90640848875
2017-10-08,15,354365.6873117089
2017-10-08,16,355403.92823952436
2017-10-08,17,349459.376983881
2017-10-08,18,356107.45406615734
2017-10-08,19,356705.44089102745
2017-10-08,20,355288.65109092
2017-10-08,21,355872.10708254576
2017-10-08,22,347863.80104106665
2017-10-08,23,344129.0481097698
2017-10-08,24,342680.00600653887
2017-10-09,1,275317.1326918602
2017-10-09,2,280819.9228398204
2017-10-09,3,280736.2647562027
2017-10-09,4,282121.41739732027
2017-10-09,5,282447.7136622071
2017-10-09,6,286301.6028111577
2017-10-09,7,285587.9695134759
2017-10-09,8,294899.6004012227
2017-10-09,9,300644.90872097015
2017-10-09,10,318642.5541074276
2017-10-09,11,327294.0684760809
2017-10-09,12,339012.9091132283
2017-10-09,13,353272.4840615392
2017-10-09,14,356998.5333160758
2017-10-09,15,368902.6303688884
2017-10-09,16,369303.4309605956
2017-10-09,17,371370.22773593664
2017-10-09,18,370517.6525876522
2017-10-09,19,369390.0381413102
2017-10-09,20,369277.05348324776
2017-10-09,21,367357.1670720577
2017-10-09,22,369544.5035147071
2017-10-09,23,362007.0207217932
2017-10-09,24,358122.4812219739
2017-10-10,1,273934.9980341196
2017-10-10,2,277668.58219885826
2017-10-10,3,273974.3625048399
2017-10-10,4,279667.0334957838
2017-10-10,5,280077.7591728568
2017-10-10,6,279735.64583057165
2017-10-10,7,282436.55299025774
2017-10-10,8,288454.81587558985
2017-10-10,9,297758.7559437752
2017-10-10,10,310850.7709003091
2017-10-10,11,324047.68455797434
2017-10-10,12,336146.1344022751
2017-10-10,13,345346.7739406824
2017-10-10,14,354777.00375938416
2017-10-10,15,360377.06344014406
2017-10-10,16,366890.21577739716
2017-10-10,17,367246.29068410397
2017-10-10,18,367967.84109407663
2017-10-10,19,368409.3052997589
2017-10-10,20,363291.146692574
2017-10-10,21,365756.2744166851
2017-10-10,22,362339.8196388483
2017-10-10,23,353716.8354268074
2017-10-10,24,357265.08210140467
2017-10-11,1,279050.3160703778
2017-10-11,2,275334.0712195635
2017-10-11,3,274399.67365413904
2017-10-11,4,274720.84340786934
2017-10-11,5,282614.16358572245
2017-10-11,6,280171.32710659504
2017-10-11,7,289040.12872081995
2017-10-11,8,289243.38716083765
2017-10-11,9,301059.7989833951
2017-10-11,10,306429.9217324257
2017-10-11,11,328372.9667212367
2017-10-11,12,338831.1024643183
2017-10-11,13,355208.42866396904
2017-10-11,14,358778.68390125036
2017-10-11,15,365713.0489155054
2017-10-11,16,365728.1096781492
2017-10-11,17,363965.3169692755
2017-10-11,18,367440.4782437086
2017-10-11,19,366172.1730119586
2017-10-11,20,362440.4179289937
2017-10-11,21,370028.7131500244
2017-10-11,22,370212.7354592085
2017-10-11,23,361302.559804976
2017-10-11,24,354245.2894745469
2017-10-12,1,281972.84895062447
2017-10-12,2,276811.9778522849
2017-10-12,3,279574.85533952713
2017-10-12,4,280063.1327250004
2017-10-12,5,281337.42029315233
2017-10-12,6,277115.8449870348
2017-10-12,7,287489.45213490725
2017-10-12,8,290903.79671150446
2017-10-12,9,301240.6267116666
2017-10-12,10,301314.05717748404
2017-10-12,11,320819.5261133313
2017-10-12,12,337300.36928224564
2017-10-12,13,344129.1096126437
2017-10-12,14,346015.98540484905
2017-10-12,15,353765.5583025813
2017-10-12,16,364831.9503207803
2017-10-12,17,357529.4478559494
2017-10-12,18,370192.01300156116
2017-10-12,19,362503.7157628536
2017-10-12,20,358752.35457879305
2017-10-12,21,366589.65300929546
2017-10-12,22,361808.97479486465
2017-10-12,23,356685.97521418333
2017-10-12,24,353410.0451565981
2017-10-13,1,268937.77229213715
2017-10-13,2,271052.8433073759
2017-10-13,3,269054.73113662004
2017-10-13,4,278109.7263407707
2017-10-13,5,282421.0429031253
2017-10-13,6,280151.76832169294
2017-10-13,7,284624.1611945629
2017-10-13,8,291991.08415448666
2017-10-13,9,300843.6491444111
2017-10-13,10,303895.5333224535
2017-10-13,11,314343.2989252806
2017-10-13,12,330324.5303455591
2017-10-13,13,338030.4843042493
2017-10-13,14,356248.8737961054
2017-10-13,15,347640.91880470514
2017-10-13,16,365807.34053993225
2017-10-13,17,358447.33478069305
2017-10-13,18,370999.5670170784
2017-10-13,19,360822.7674820423
2017-10-13,20,359504.42159968615
2017-10-13,21,367573.3974570036
2017-10-13,22,358393.5670117736
2017-10-13,23,353928.85791265965
2017-10-13,24,347726.2086928487
2017-10-14,1,278116.80288589
2017-10-14,2,277953.008983016
2017-10-14,3,273199.6395639181
2017-10-14,4,282492.9538692236
2017-10-14,5,277466.1313146949
2017-10-14,6,283297.4567911029
2017-10-14,7,290342.0644457936
2017-10-14,8,296525.44859761
2017-10-14,9,302358.35015553236
2017-10-14,10,311516.00407731533
2017-10-14,11,316702.3659949899
2017-10-14,12,329640.2916446924
2017-10-14,13,342905.5421923399
2017-10-14,14,357285.2726445198
2017-10-14,15,354273.8695420623
2017-10-14,16,361762.0070216656
2017-10-14,17,364066.26411896944
2017-10-14,18,365158.35282719135
2017-10-14,19,364233.6414473653
2017-10-14,20,359404.3024970889
2017-10-14,21,360908.94988268614
2017-10-14,22,361084.5519224405
2017-10-14,23,363468.98192870617
2017-10-14,24,355310.765594244
2017-10-15,1,278937.02600586414
2017-10-15,2,284373.24057900906
2017-10-15,3,286885.2150645256
2017-10-15,4,286441.49822837114
2017-10-15,5,286135.05191749334
2017-10-15,6,289932.9611275792
2017-10-15,7,300247.4857352972
2017-10-15,8,304866.5693207979
2017-10-15,9,306834.5996796489
2017-10-15,10,312475.3337557316
2017-10-15,11,316856.4112803936
2017-10-15,12,331949.63220345974
2017-10-15,13,346090.4985357523
2017-10-15,14,349167.4430807233
2017-10-15,15,356015.2167624831
2017-10-15,16,357616.7371253371
2017-10-15,17,362540.79835772514
2017-10-15,18,364084.3580132723
2017-10-15,19,361880.6419289708
2017-10-15,20,363067.77907401323
2017-10-15,21,366505.36894768476
2017-10-15,22,371839.01251506805
2017-10-15,23,372948.7360355854
2017-10-15,24,357239.7182381153
2017-10-16,1,307169.5636778474
2017-10-16,2,301488.5143404007
2017-10-16,3,303422.71957558393
2017-10-16,4,313117.3940010667
2017-10-16,5,313943.5933107734
2017-10-16,6,311454.0649026036
2017-10-16,7,308904.14371049404
2017-10-16,8,311170.8390364647
2017-10-16,9,312131.37446045876
2017-10-16,10,319330.5094419718
2017-10-16,11,331909.55073559284
2017-10-16,12,343615.23218381405
2017-10-16,13,355433.56310492754
2017-10-16,14,353281.617354095
2017-10-16,15,358544.2439261079
2017-10-16,16,367912.65156400204
2017-10-16,17,371231.5407528281
2017-10-16,18,370094.6419970393
2017-10-16,19,370037.00171399117
2017-10-16,20,369379.4753450155
2017-10-16,21,372380.025714159
2017-10-16,22,378874.6532996297
2017-10-16,23,376963.81012636423
2017-10-16,24,384659.62002170086
2017-10-17,1,287695.6249616742
2017-10-17,2,287873.18470841646
2017-10-17,3,289857.4208045006
2017-10-17,4,289925.9032728076
2017-10-17,5,291030.0282083154
2017-10-17,6,300570.26513558626
2017-10-17,7,301829.4735212922
2017-10-17,8,314005.598993659
2017-10-17,9,316334.29197335243
2017-10-17,10,324286.5230086446
2017-10-17,11,333682.35511779785
2017-10-17,12,334894.1792872548
2017-10-17,13,349650.2293255925
2017-10-17,14,355945.1424834132
2017-10-17,15,359719.8220463395
2017-10-17,16,357057.114168942
2017-10-17,17,354284.32294362783
2017-10-17,18,356854.0977264643
2017-10-17,19,351928.20298331976
2017-10-17,20,353520.4443309307
2017-10-17,21,356482.69896417856
2017-10-17,22,354913.53763741255
2017-10-17,23,352841.18076997995
2017-10-17,24,363873.4315804243
2017-10-18,1,283408.32695937157
2017-10-18,2,285029.1448813081
2017-10-18,3,288368.4944013357
2017-10-18,4,286503.656858325
2017-10-18,5,287051.3091621995
2017-10-18,6,291323.67600148916
2017-10-18,7,299801.2370645404
2017-10-18,8,301440.8106098771
2017-10-18,9,309917.7415408492
2017-10-18,10,313811.6394942999
2017-10-18,11,316093.19204717875
2017-10-18,12,327668.6664082408
2017-10-18,13,328272.2402841449
2017-10-18,14,339405.87494909763
2017-10-18,15,342800.8279154897
2017-10-18,16,339354.3472509384
2017-10-18,17,342206.8269055486
2017-10-18,18,347579.87176913023
2017-10-18,19,358522.17391359806
2017-10-18,20,351129.48152792454
2017-10-18,21,361799.25893735886
2017-10-18,22,356092.3456646204
2017-10-18,23,348593.55212605
2017-10-18,24,353793.60977351665
2017-10-19,1,277575.91802608967
2017-10-19,2,279693.65238535404
2017-10-19,3,279692.18861442804
2017-10-19,4,285699.1129838824
2017-10-19,5,291664.7160305977
2017-10-19,6,289859.71706819534
2017-10-19,7,291321.41729581356
2017-10-19,8,296230.30825710297
2017-10-19,9,294607.0508546829
2017-10-19,10,300349.3980668187
2017-10-19,11,303653.1854198575
2017-10-19,12,321129.565867126
2017-10-19,13,329883.10483443737
2017-10-19,14,348951.7900801897
2017-10-19,15,352163.9023038149
2017-10-19,16,360382.13829648495
2017-10-19,17,358635.6533718705
2017-10-19,18,360791.03634887934
2017-10-19,19,354133.9567103982
2017-10-19,20,354745.8902451992
2017-10-19,21,354536.29036718607
2017-10-19,22,354311.39699429274
2017-10-19,23,358364.8894953728
2017-10-19,24,363692.2151507735
2017-10-20,1,282672.95097112656
2017-10-20,2,280350.460044682
2017-10-20,3,282736.09613126516
2017-10-20,4,282902.18193495274
2017-10-20,5,288044.0893906951
2017-10-20,6,290023.39529937506
2017-10-20,7,294450.4263253212
2017-10-20,8,293583.4265989661
2017-10-20,9,297519.69593298435
2017-10-20,10,309485.5760759711
2017-10-20,11,320687.7147105336
2017-10-20,12,324667.78373396397
2017-10-20,13,333866.2812023163
2017-10-20,14,347003.7177019119
2017-10-20,15,354621.32369208336
2017-10-20,16,352235.6354840994
2017-10-20,17,352071.3028829694
2017-10-20,18,359044.41585570574
2017-10-20,19,355490.25419819355
2017-10-20,20,348970.9154071808
2017-10-20,21,351825.51701301336
2017-10-20,22,353021.86007094383
2017-10-20,23,353131.2386211157
2017-10-20,24,363949.33263528347
2017-10-21,1,274209.66481751204
2017-10-21,2,271280.37791877985
2017-10-21,3,274293.76780325174
2017-10-21,4,265741.1639546156
2017-10-21,5,269235.7665732503
2017-10-21,6,274208.9500809908
2017-10-21,7,274467.6417018175
2017-10-21,8,284232.5258355737
2017-10-21,9,291321.8527928591
2017-10-21,10,292463.5467156768
2017-10-21,11,303906.2795753479
2017-10-21,12,319113.78085798025
2017-10-21,13,334865.1391375065
2017-10-21,14,346611.30601358414
2017-10-21,15,351864.2258377671
2017-10-21,16,352047.77719813585
2017-10-21,17,355733.5211213827
2017-10-21,18,357372.66833519936
2017-10-21,19,354266.0406924486
2017-10-21,20,356143.76896864176
2017-10-21,21,355302.20142525434
2017-10-21,22,361432.0120292902
2017-10-21,23,359789.46586048603
2017-10-21,24,351523.5032145381
2017-10-22,1,271150.5018312931
2017-10-22,2,280692.3424178362
2017-10-22,3,281099.48608601093
2017-10-22,4,281922.4577754736
2017-10-22,5,279658.5887529254
2017-10-22,6,284054.6992959976
2017-10-22,7,292027.69104760885
2017-10-22,8,297570.3102876544
2017-10-22,9,298968.76692193747
2017-10-22,10,310301.635781765
2017-10-22,11,314089.1498179436
2017-10-22,12,321876.18229848146
2017-10-22,13,328024.0313895345
2017-10-22,14,332420.5465030074
2017-10-22,15,343016.54062289
2017-10-22,16,344334.6542573571
2017-10-22,17,353149.2111520171
2017-10-22,18,355300.2866883874
2017-10-22,19,353224.7072005868
2017-10-22,20,350111.56748110056
2017-10-22,21,351583.0525304675
2017-10-22,22,348007.52896922827
2017-10-22,23,348159.507265687
2017-10-22,24,362931.7951885462
2017-10-23,1,281263.0050960779
2017-10-23,2,281321.1824400425
2017-10-23,3,277511.0667271614
2017-10-23,4,284199.0801707506
2017-10-23,5,277484.9526513219
2017-10-23,6,286575.17642718554
2017-10-23,7,284511.36294847727
2017-10-23,8,297369.52834278345
2017-10-23,9,299699.4198079705
2017-10-23,10,312439.65003728867
2017-10-23,11,326106.9802309871
2017-10-23,12,336899.70303958654
2017-10-23,13,350235.1243984699
2017-10-23,14,361109.59547650814
2017-10-23,15,368065.1324827671
2017-10-23,16,372657.6253643632
2017-10-23,17,376989.8930955529
2017-10-23,18,376998.76773291826
2017-10-23,19,374213.66415542364
2017-10-23,20,370061.41795253754
2017-10-23,21,365386.08766663074
2017-10-23,22,362204.04226493835
2017-10-23,23,356671.79138189554
2017-10-23,24,364306.30026841164
2017-10-24,1,270159.75503122807
2017-10-24,2,274913.93140512705
2017-10-24,3,272809.7651402354
2017-10-24,4,275216.4360332489
2017-10-24,5,281675.32839232683
2017-10-24,6,280234.80262738466
2017-10-24,7,288354.0677588582
2017-10-24,8,297319.39533376694
2017-10-24,9,290490.4798243642
2017-10-24,10,306561.63875228167
2017-10-24,11,330090.6846476793
2017-10-24,12,344102.7191673517
2017-10-24,13,359853.7092062235
2017-10-24,14,370637.7671507597
2017-10-24,15,380501.2829746604
2017-10-24,16,384361.95486301184
2017-10-24,17,383768.13472414017
2017-10-24,18,377395.45216596127
2017-10-24,19,376684.2949860692
2017-10-24,20,372752.0849478245
2017-10-24,21,368864.7281810641
2017-10-24,22,362935.9446579218
2017-10-24,23,356711.7057131529
2017-10-24,24,357601.1200582981
2017-10-25,1,275815.55534148216
2017-10-25,2,277112.3494403362
2017-10-25,3,277351.9759157896
2017-10-25,4,283464.1333488822
2017-10-25,5,282380.42352718115
2017-10-25,6,282650.2527989149
2017-10-25,7,286382.7757374644
2017-10-25,8,286237.6644203067
2017-10-25,9,297195.60701817274
2017-10-25,10,310597.5213011503
2017-10-25,11,331496.6665864587
2017-10-25,12,345721.6677033305
2017-10-25,13,357511.74902129173
2017-10-25,14,368437.26807677746
2017-10-25,15,369417.48051452637
2017-10-25,16,372884.1963741183
2017-10-25,17,375367.5841407776
2017-10-25,18,375260.4256865382
2017-10-25,19,372758.3749560714
2017-10-25,20,360590.86151343584
2017-10-25,21,365590.1463320255
2017-10-25,22,354702.2923360467
2017-10-25,23,350473.3076121807
2017-10-25,24,354786.6060310006
2017-10-26,1,273514.6066838503
2017-10-26,2,270329.6590349078
2017-10-26,3,275222.92921185493
2017-10-26,4,276771.33604824543
2017-10-26,5,280829.98646360636
2017-10-26,6,279549.7139123678
2017-10-26,7,287163.1932644248
2017-10-26,8,306995.9773412347
2017-10-26,9,301004.18181431293
2017-10-26,10,315182.2334359288
2017-10-26,11,321738.9660779834
2017-10-26,12,335902.0134078264
2017-10-26,13,350554.7415962219
2017-10-26,14,356838.49149662256
2017-10-26,15,364455.8301407695
2017-10-26,16,367286.402020514
2017-10-26,17,373414.0997170806
2017-10-26,18,372578.5563379526
2017-10-26,19,365278.6997653842
2017-10-26,20,358975.2356237769
2017-10-26,21,358076.21997600794
2017-10-26,22,356782.0379451513
2017-10-26,23,346555.50638121367
2017-10-26,24,349936.7599336505
2017-10-27,1,273239.7210932374
2017-10-27,2,270130.4556682706
2017-10-27,3,270513.284285903
2017-10-27,4,272900.2118867636
2017-10-27,5,274456.3210517168
2017-10-27,6,277169.343975842
2017-10-27,7,278798.99614846706
2017-10-27,8,296414.9980313182
2017-10-27,9,302169.8194450736
2017-10-27,10,304762.12858086824
2017-10-27,11,319513.2768628001
2017-10-27,12,340242.63828879595
2017-10-27,13,351950.9095939994
2017-10-27,14,361731.01064127684
2017-10-27,15,371602.0562429428
2017-10-27,16,367403.2917307019
2017-10-27,17,369748.18659478426
2017-10-27,18,372203.7735328078
2017-10-27,19,366998.14148664474
2017-10-27,20,364131.18796634674
2017-10-27,21,370169.92336547375
2017-10-27,22,364862.9509420395
2017-10-27,23,365103.85137176514
2017-10-27,24,346035.1780221462
2017-10-28,1,283608.38161855936
2017-10-28,2,278911.6255635619
2017-10-28,3,284429.6294166446
2017-10-28,4,290294.39387893677
2017-10-28,5,288704.7177349329
2017-10-28,6,287031.07405894995
2017-10-28,7,288459.52604937553
2017-10-28,8,295631.1312638521
2017-10-28,9,293840.98045021296
2017-10-28,10,311940.94266939163
2017-10-28,11,319657.04337513447
2017-10-28,12,333592.53740143776
2017-10-28,13,343462.1456986666
2017-10-28,14,353823.6082508564
2017-10-28,15,363551.82163733244
2017-10-28,16,366496.7556549907
2017-10-28,17,368686.88511550426
2017-10-28,18,369840.2284221053
2017-10-28,19,365528.1527990699
2017-10-28,20,363845.6503046155
2017-10-28,21,361313.76705008745
2017-10-28,22,358847.8305257559
2017-10-28,23,355308.9525703788
2017-10-28,24,367323.20263028145
2017-10-29,1,274426.8876864314
2017-10-29,2,271816.0553846359
2017-10-29,3,269372.3370728493
2017-10-29,4,271980.55621534586
2017-10-29,5,270833.46307462454
2017-10-29,6,278561.1924610734
2017-10-29,7,287141.25579178333
2017-10-29,8,287422.67332845926
2017-10-29,9,299256.84960895777
2017-10-29,10,310971.97028154135
2017-10-29,11,322892.65610438585
2017-10-29,12,335973.1698219776
2017-10-29,13,345098.91036337614
2017-10-29,14,347335.3159812093
2017-10-29,15,353893.3821297884
2017-10-29,16,361281.95593822
2017-10-29,17,366979.8051043153
2017-10-29,18,354859.34352225065
2017-10-29,19,357547.599624455
2017-10-29,20,360328.18708091974
2017-10-29,21,352931.7133322954
2017-10-29,22,352041.7901136279
2017-10-29,23,354594.753706038
2017-10-29,24,350976.5859860182
2017-10-30,1,287078.2511166334
2017-10-30,2,284965.8351812959
2017-10-30,3,292079.5077904463
2017-10-30,4,286994.64680302143
2017-10-30,5,291122.2264392972
2017-10-30,6,299606.3260510564
2017-10-30,7,294091.7319800854
2017-10-30,8,300890.46427190304
2017-10-30,9,317894.86242729425
2017-10-30,10,328104.0931607485
2017-10-30,11,336150.6559433341
2017-10-30,12,348791.5021187067
2017-10-30,13,353408.7408414483
2017-10-30,14,363735.97864985466
2017-10-30,15,372401.2646203637
2017-10-30,16,375180.140568614
2017-10-30,17,379425.3447777629
2017-10-30,18,374496.1996051073
2017-10-30,19,371386.96677416563
2017-10-30,20,368502.65780699253
2017-10-30,21,372902.90054517984
2017-10-30,22,369488.1821641922
2017-10-30,23,366463.2008442879
2017-10-30,24,370457.8297137022
2017-10-31,1,285507.8957814574
2017-10-31,2,285821.8246945143
2017-10-31,3,292523.25779789686
2017-10-31,4,295987.46997362375
2017-10-31,5,298676.9446898103
2017-10-31,6,299795.11949390173
2017-10-31,7,303040.5932136178
2017-10-31,8,316581.4284616113
2017-10-31,9,324512.5156137943
2017-10-31,10,326561.92811638117
2017-10-31,11,337936.5279086828
2017-10-31,12,347639.5481172204
2017-10-31,13,352993.48231363297
2017-10-31,14,359568.7560392022
2017-10-31,15,363619.40586459637
2017-10-31,16,368976.361705482
2017-10-31,17,367574.1549322009
2017-10-31,18,365157.8860874176
2017-10-31,19,357832.03614741564
2017-10-31,20,355597.93976062536
2017-10-31,21,358165.3590875268
2017-10-31,22,358147.207139194
2017-10-31,23,359689.3465665579
2017-10-31,24,368850.63616114855
2017-11-01,1,275997.40900695324
2017-11-01,2,279171.2381603718
2017-11-01,3,283072.460632205
2017-11-01,4,283954.1214347482
2017-11-01,5,287097.24041086435
2017-11-01,6,286737.01737993956
2017-11-01,7,299547.4845047593
2017-11-01,8,298989.9292359948
2017-11-01,9,308967.1654987931
2017-11-01,10,319352.7987623811
2017-11-01,11,328220.71036732197
2017-11-01,12,339706.9653161764
2017-11-01,13,351966.32664465904
2017-11-01,14,354437.3096294999
2017-11-01,15,357341.10677564144
2017-11-01,16,358122.5226147175
2017-11-01,17,356281.34663552046
2017-11-01,18,355066.80689388514
2017-11-01,19,349459.4879131317
2017-11-01,20,350985.7425547242
2017-11-01,21,355667.5600351095
2017-11-01,22,356484.63864940405
2017-11-01,23,351725.0707256198
2017-11-01,24,351547.4038863182
